instruction,input,output
"If you are a counsellor, please answer the questions based on the description of the patient.","As a high school teacher, I enjoy teaching kids more than dealing with the hormonal issues of junior high students. However, now I have to deal with it at home as well, as my 12-year-old is entering that stage. Luckily, my experience as a teacher has given me an advantage, and he seems to be okay with me being a teacher.","It's great that you enjoy your profession and can utilize your experience to help your child navigate through these challenging times. It is essential to maintain open communication with your child and provide guidance and support. Remember that this is a typical phase in their development, and you have the benefit of understanding what they are going through, which can be advantageous for both you and your child."
"If you are a counsellor, please answer the questions based on the description of the patient.","I'm worried that I'm not doing well in my graduate engineering program, and I don't know if I have what it takes to continue. I had some professors back home who gave me honest feedback and encouraged me to pursue this career, but now I need someone to help me decide if that's still true.","It's normal to feel uncertain at times, but I'll do my best to help you evaluate your situation in a balanced way. Can you please provide more details about the aspects you're struggling with in your program, so we can discuss possible solutions or identify areas that might need improvement?"
"If you are a counsellor, please answer the questions based on the description of the patient.","I really don't think I can. I really do think that cigarettes are worse for me. In the past, I've done cocaine and even crack cocaine. I've heard it's one of the most addictive drugs, but from my personal experience, I don't find it addictive at all. For me, it's tobacco and alcohol.","It's interesting how different substances are addictive for different people. It seems that for you, tobacco and alcohol are the main concerns. I understand that quitting can be challenging, but have you ever tried any support groups or cessation programs to help you quit smoking and reduce your alcohol intake? These resources could be beneficial in your journey to overcome addiction."
"If you are a counsellor, please answer the questions based on the description of the patient.","I'm really nervous about my son Steven coming home from the group home. He's been there for three months, but we had a tough time during Thanksgiving when he was home. We hoped he would stay there longer, but now the insurance is running out and he has to come home.","I understand that having Steven back home can be a source of anxiety, especially given the challenges during Thanksgiving. Have there been any behavior changes or improvements in his condition that you are aware of since he has been in the group home? It might help to have a conversation with the group home staff to discuss strategies to ease the transition and manage his behavior at home."
"If you are a counsellor, please answer the questions based on the description of the patient.","I'm attending counseling to receive more support and find out other places where I can get support in my life. But I'm here with some trepidation because my parents would not approve of me sharing my personal situation with a stranger, as it's not a cultural value.","I understand that this is a big step for you, considering your family's expectations and cultural values. It must be challenging for you to open up about your concerns to someone outside of your immediate family. My goal is to provide a safe and supportive environment where we can work together to find the resources and support you need. Remember, seeking help is a brave action, and it's okay to step beyond your comfort zone for your well-being."
"If you are a counsellor, please answer the questions based on the description of the patient.","I had to talk to someone about my past experiences because it's mandated as part of my probation. I served eight years in prison and I started when I was 19. Although I understand why I have to do this, it feels like overkill sometimes.","I appreciate you being open about your feelings and recognizing the mandate as part of your probation. I understand it might seem like overkill to you, but therapy can be helpful in coping with past experiences and moving forward. If you are comfortable, we could discuss the situation that led to your arrest so that we can address it and work on your personal growth."
"If you are a counsellor, please answer the questions based on the description of the patient.","I've spent a lot of alone time worrying about not having support in my life. I feel like I could have made better career decisions if I had used that time for self-introspection. I often feel miserable and anxious about meeting sales goals in my retail job, which doesn't make me happy.","It seems that you're concerned about building personal and professional supports, and that you feel you've wasted time worrying instead of growing. If you had focused on self-introspection, you might have transitioned to a more fulfilling career sooner. To address these concerns, try to utilize your alone time for self-discovery and seek additional support to help improve your situation. Remember, it's never too late to identify your strengths and pursue a path that aligns with your interests."
"If you are a counsellor, please answer the questions based on the description of the patient.","I love art and get excited when I talk about it, but I don't feel like I could be good enough at any of the art forms to really make money. On the other hand, I feel more neutral towards jobs that I perceive to be more pragmatic and responsible. I don't know how to bring my artistic passions and practical jobs together.","It's interesting to see how you express enthusiasm for art and feel more neutral towards jobs you view as pragmatic. It's important to consider if you want to integrate your skills, interests, values, and goals into an occupation, or keep separate aspects in your life. In career counselling, we can explore options that may help you find a balance between your passions and practical responsibilities."
"If you are a counsellor, please answer the questions based on the description of the patient.","I initially thought my family's values were in line with my husband's family, as they are not conservative in valuing education. I had stated my intention to pursue my education and career. But now, my husband is insisting that I have children first before pursuing further education.",It seems like you are facing a dilemma between your desire to pursue an education and career and your husband's wishes for you to have children first. It is important to communicate with your husband and express your own desires and concerns. Both of you should have an open and honest conversation about your expectations for the future and try to reach a compromise. Can you share more about how your husband reacts when you raise this issue?
"If you are a counsellor, please answer the questions based on the description of the patient.","I've been working on data crunching for a new position and also working with a research institute, focusing on health disparities. They're trying to establish community health initiatives in various ethnic communities. They brought me onboard to start an initiative in the Vietnamese community. We are working on coalition building among different community partners, and eventually doing health program activities, but we don't know exactly what yet.","It sounds like you have a lot going on in your professional life, working on both data crunching and health disparities research. It's great that you're taking part in establishing community health initiatives, particularly in the Vietnamese community. As you work on coalition building and planning health program activities, it's natural for there to be uncertainties in the beginning stages. Remember to communicate and collaborate with your team and community partners to navigate through these uncertainties and develop effective health initiatives."
"If you are a counsellor, please answer the questions based on the description of the patient.","I think I'll use them again in my professional work ethic, the not quitting and believing in yourself and staying with it. I definitely take from this and I apply it everyday. And as we have talked about earlier that there are moments when I do not have this problem in a confrontation situation, and there are exceptions that I'm acknowledging as healthy.","It's great to hear that you are taking the lessons from our sessions and applying them in your professional life, such as not quitting and believing in yourself. It's also positive that you've noticed moments where you don't struggle with confrontation and are acknowledging these exceptions as healthy. Keep reflecting on these instances and continue building on the progress you've made."
"If you are a counsellor, please answer the questions based on the description of the patient.","I think my sister-in-law might be intimidated by my family. After a recent event, she only interacted with my family when no one else was around. I've been considering catering to her needs by planning separate events for each side of the family, but that's more work for me.","It's understandable that you want to make your sister-in-law feel comfortable, but it's also important to take care of your own well-being. You could try talking to her directly and ask if she feels intimidated by your family or if there's anything that could be done to help her feel more at ease. This way, you might find a solution that works for both of you without having to go to such great lengths."
"If you are a counsellor, please answer the questions based on the description of the patient.","I don't think of myself as being competitive, but my husband keeps telling me that I am and that I'm always trying to one-up him. This really bothers me because I never thought of myself as competitive, and I think I'm just competitive with myself, not with others.","It sounds like there's a difference in perspective between you and your husband regarding your competitiveness. While you don't see yourself as competitive, he perceives your actions differently. It's important to communicate with your husband about this issue and try to understand each other's perspectives. It might also help to reflect on any past relationships where competition was a prominent issue. Can you give me an example of a situation where your husband thought you were being competitive, but you didn't agree with him?"
"If you are a counsellor, please answer the questions based on the description of the patient.","I'm feeling concerned about my relationship with my parents, as they seem to pressure me into having a more traditional relationship. It's nothing overt, but my dad withdraws and my mom makes subtle remarks about others having traditional marriages. It's important to me because they are a significant part of my life.","It's understandable that you feel concerned about this situation with your parents. It seems like they are trying to influence you in a subtle way, which can be emotionally challenging for you. Can you please provide more context about how these interactions make you feel? And have you ever tried to discuss your feelings with your parents regarding their expectations?"
"If you are a counsellor, please answer the questions based on the description of the patient.","I've been feeling discomfort in my current job and would really love to work full-time on the radio, something I've enjoyed for a long time. Currently, I do this one day a week and it involves interviews, discussing local issues, talking to local people and helping the community sector promote their activities. This is what I'd love to do five days a week.",It sounds like you have a passion for radio and its potential to make a difference in your local community. Have you considered researching and exploring opportunities to transition into a full-time radio job or finding ways to expand your current radio involvement? Networking and connecting with others in the industry might also help you find new opportunities to achieve your goal of doing radio work five days a week.
"If you are a counsellor, please answer the questions based on the description of the patient.","I have been at home raising my children, but I've also been active in the community, serving on local boards and as the President of the League of Women Voters. I discovered that I have good management skills, so I decided to return to graduate school. I have visited the business school, and my graduate record is good enough. The dean even encouraged me to come back.","It's great to hear that you have been active in your community and have found an area where you excel in management skills. Going back to graduate school can certainly help you further develop those skills and open up new opportunities in your career. Since the dean has encouraged you, it seems like a great idea to pursue. If you have any concerns or questions about this transition, please feel free to ask."
"If you are a counsellor, please answer the questions based on the description of the patient.","I want to have children, and so does my husband. Within our Islamic culture, if a wife can't have children, the husband may leave her and marry someone who can bear children. I'm devastated that he might leave me, and I'll be alone for the rest of my life. It would also be shameful for him, and his manhood would be questioned.","I can understand that this situation is causing you a lot of distress and fear. It's important to have open and honest communication with your husband about your worries. Have you both considered exploring different options like medical treatments, adoption, or seeking spiritual or community support to face this challenge together? Remember, your worth as a person and a partner is not just defined by your ability to have children."
"If you are a counsellor, please answer the questions based on the description of the patient.","I don't like to be known as the person that is always late. In the past, I overslept for a work function when I was a lead server at a restaurant. It was a reward for all the lead servers to go to Catalina Island, and I had to be in Long Beach where the boat docked in the morning. My goal was to be up and out of the house by 6:30, but I woke up at 7:00.","It's understandable that you don't want to be known as the person who's always late, and it must have been disappointing to miss out on the work reward trip because of oversleeping. To help you work towards improved punctuality, I'd like to ask about any strategies you've tried in the past or are currently using to ensure you are on time for important events or activities?"
"If you are a counsellor, please answer the questions based on the description of the patient.","As a patient, I feel that within the African-American community, those with higher levels of education and opportunity do not seem to go into the nonprofit sector or help those who may not have had the same higher-level education or opportunities. I wonder how being a woman has influenced my professional roles and decisions.","As a counsellor, I can understand your concern regarding the career choices of well-educated African-Americans. It's essential to consider how your social roles and life experiences have influenced your career development to determine the appropriate treatment plan and counseling strategies. In terms of being a woman, can you share more about the messages you've received and how they potentially influenced your professional decisions?"
"If you are a counsellor, please answer the questions based on the description of the patient.","I'm a single working mom going to college and I love writing poetry. Lately, I've been feeling guilty for taking time for myself for writing poetry, going to the gym, or doing other activities that I enjoy. I feel like I just shouldn't have time to do these things.","It's important to acknowledge your feelings of guilt, but still allow yourself some time for self-care and doing the activities that you enjoy. You are juggling multiple roles and responsibilities, and it's essential to find a balance between work, school, and personal life. Perhaps you can schedule a specific time for these activities, so you don't feel guilty about taking some me time. Remember, taking care of yourself can actually help you better manage the other aspects of your life, making you more efficient and happier in the long run."
"If you are a counsellor, please answer the questions based on the description of the patient.","I recently had a dream where I was on a very wide beach with pure white sand and a beautiful aqua blue ocean full of waves. However, I couldn't hear the sound of the waves. There was a large, dark, pine forest about a hundred yards away and it was a nice, sunny, warm day. I was there with a woman.","It sounds like you had a very vivid and detailed dream. The beach and ocean might represent a place of tranquility and freedom, while the silence of the waves might signify a sense of calm or possibly disconnect from the surroundings. The forest in the background could symbolize a mystery or something yet to be explored. Do you have any idea who the woman in your dream might be and how she is related to your life?"
"If you are a counsellor, please answer the questions based on the description of the patient.","I decided to seek help and make changes because I realized that it's hard to be a role model for my children when I'm not doing the right things. I'm concerned about the impact of my negative behaviors, like drinking, on my ability to be a good role model for them.","I commend you for recognizing the importance of being a positive role model for your children and taking the necessary steps to better yourself. It's essential to address the negative behaviors that are affecting your relationship with your children and your own well-being. I'd recommend seeking professional help to identify and work through those behaviors, and engage yourself in positive activities to build a strong and healthy relationship with them. How have your children been expressing their concern for you?"
"If you are a counsellor, please answer the questions based on the description of the patient.","I've been feeling comfortable at my new church since I moved away from Miami. I didn't think I would be able to get used to a new church, but the first Sunday I attended the new church, it felt like I never left my old one. The rituals and community made me feel at home and comfortable.","It's great to hear that you've found comfort in your new church and were able to adjust to the change. It's important to recognize that communities and families deeply affect us, and it's perfectly normal to feel a sense of belonging and familiarity when you can find those same feelings in a new environment. Do you have any concerns about maintaining your connection with your old church community in Miami?"
"If you are a counsellor, please answer the questions based on the description of the patient.","I've been considering moving off base because I don't feel like I fit in within the community, but my husband is worried about my safety in a new environment. Another idea I have is working since I don't do well just staying at home all day.",I understand your concerns about fitting in and staying at home. It seems like you're trying to find a solution that balances your needs and your husband's concerns. Have you discussed the possibility of finding a job or engaging in activities that might help you feel more connected to the community while addressing your husband's concerns about safety? This could be a compromise that benefits both of you.
"If you are a counsellor, please answer the questions based on the description of the patient.","I had this dream where there was a book that seemed to carry some personal wisdom. It was a longish book and it had leather corners that were tooled, and kind of a light off-white center. But it was causing me some sort of annoyance.","It sounds like this book in your dream holds some significance for you. It might symbolize knowledge, wisdom, or personal experiences. The annoyance you felt could be related to your feelings about some aspect of your life. Can you think of any current situations that might be linked to these feelings?"
"If you are a counsellor, please answer the questions based on the description of the patient.","I haven't been doing very well after childbirth. The delivery was horrible. I had to be induced early because my baby was very large, and I ended up having to have a C-section after laboring for over twenty-two hours. My partner wasn't there to support me during my recovery.",I'm sorry to hear that your childbirth experience was so challenging and that you lacked the support you needed during recovery. It must have been really tough for you. How has this experience impacted your relationship with your partner and your ability to cope with the responsibilities of parenthood?
"If you are a counsellor, please answer the questions based on the description of the patient.","I have been struggling ever since the traumatic events unfolded in my town. It's overwhelming witnessing the aftermath, and it has had an impact on my community and my work as a counselor. Businesses aren't there anymore, funerals are frequent, and the air itself seems different. I find myself grappling with trying to understand why bad things happen and how we as a community can learn from this.","It's understandable that the trauma and the consequences have affected you and your community. In such times, relying on group work, support systems, and spiritual-centered healing can help immensely. It's important to focus on the small steps towards healing rather than trying to find an immediate answer for why bad things happen. As you progress, collective healing will take place, and lessons will be drawn in the process. Keep in mind that it is natural for humans to ask why bad things happen, but ultimately, focusing on healing and growth is more important."
"If you are a counsellor, please answer the questions based on the description of the patient.","I have a lot of pressures trying to make sure my kids are okay in the world. I'm adjusting to being the mother of an adult and I also have a 15-year-old at home. On top of that, I have to take care of my aging parents.","It sounds like you are facing multiple challenges at the same time, which can be quite overwhelming. Trying to balance the responsibilities of being a parent to both adult and teenage children, as well as caring for your aging parents, is definitely a demanding task. It's important to remember that you are only human and it's okay to ask for help or seek support from friends, family, or professionals when you need it. Have you considered talking to anyone about your situation or seeking any available resources to help ease the burden?"
"If you are a counsellor, please answer the questions based on the description of the patient.","I want to start a small contracting business and involve my nephews in it. It may not be a lot of money, but it will be something for all of us to do and we'll be together. They can see that I am not on the street drinking or doing other negative things.","It's great to hear that you're interested in starting a contracting business and involving your family. It sounds like a positive and productive way to spend your time together, showing your nephews a better lifestyle. Do you have any specific challenges or concerns about starting the business that you'd like to discuss?"
"If you are a counsellor, please answer the questions based on the description of the patient.","I feel sorry for being very headstrong and determined in my career and other things we did together as husband and wife. I think by doing that, I pushed my husband out of being the responsible man and took on his role unintentionally. I believe I hindered his growth and development by jumping on and starting things.","It's important to recognize the impact your actions had on your relationship, and it's great that you are willing to take responsibility for them. However, I would like to know if you both communicated about these issues during your relationship, and if so, how did your husband respond? Apologizing and having open discussions about your actions and their consequences can be a good step towards understanding and finding a balance between your ambitions and supporting your husband's growth."
"If you are a counsellor, please answer the questions based on the description of the patient.","I see things differently than my partner and I feel like our views on life don't align. I want to keep my family together, but it seems like a constant misunderstanding between us. When I try to talk to him, it's like talking to a brick wall. I'm reaching a point where I can't be bothered talking to him anymore.","It's clear that you value your family and want to make it work, but communication barriers are affecting the relationship. It's important not to give up and consider seeking a couples' therapist to help facilitate healthy conversations between you both. A neutral mediator may help you both better understand each other's perspectives. Alternatively, have you tried any other ways of approaching the conversation or expressing your feelings?"
"If you are a counsellor, please answer the questions based on the description of the patient.","I've been feeling a bit overwhelmed lately with everything going on in my life. I tend to focus on my responsibilities, but recently I've been trying to explore my curiosity instead. However, I feel like I'm struggling to find that balance between responsibility and curiosity.","It's important to find a balance between your responsibilities and curiosity. I understand that it can be challenging when you feel overwhelmed with different aspects of your life. Can you think of ways you can incorporate your curiosity into your daily routine, while still fulfilling your responsibilities? This might help you find the balance you're searching for."
"If you are a counsellor, please answer the questions based on the description of the patient.","I've been struggling with my eating habits, and I feel like my history with food is not an exception. I'm having a hard time finding a balance between enjoying food and maintaining a healthy diet. Sometimes I'm tempted by unhealthy options at work, the supermarket, or social gatherings.","It's important to find a balance between enjoying food and staying healthy. One suggestion from my experience is to allow yourself to have a small serving of your favorite food every day, as that can make it easier to resist temptations in other situations. However, it's crucial to keep the portion size reasonable. This approach might not work for everyone, so it's essential to find what works best for you. Do you have a particular favorite food in mind that you could incorporate into this strategy?"
"If you are a counsellor, please answer the questions based on the description of the patient.","I feel like I have to choose a career for financial stability and taking care of my family, which affects my professional choices. My father's priorities have influenced me. I have always enjoyed theater, extracurricular activities, and hobbies like drama, but I don't think they are practical career options.","It's understandable that you want to prioritize financial stability and taking care of your family, as these are important aspects of life. It seems your father's priorities have had a strong influence on you. It's important to acknowledge your passion for theater and drama. I'm curious, have you ever considered ways to integrate your hobbies and interests into a career while maintaining stability, or possibly pursuing them on the side?"
"If you are a counsellor, please answer the questions based on the description of the patient.","I am struggling with feelings of overwhelm in my life, being a single mother, working hard and having minimal support in parenting my child. Furthermore, I've recently started a new relationship, and I'm unsure about how much I can offer in this relationship and worried that I might ruin it. I'm overwhelmed with the responsibilities of managing my household, keeping my child and dog alive, and maintaining a steady income.","I understand that you are dealing with a lot in your life, managing parenting, work, and a new relationship with little support. It's natural to feel overwhelmed in such situations and experience anxiety. In order to alleviate your worries, try focusing on what you can control, prioritize your responsibilities, and consider seeking additional support or resources, such as support groups or friends who can lend a hand. Addressing your concerns about your new relationship, maintaining open communication with your partner about your feelings can help strengthen your bond and avoid misunderstandings."
"If you are a counsellor, please answer the questions based on the description of the patient.","I've been working really hard lately, changing ducts in my friend's attic and taking care of my kids. I have this vivid imagination of mowing the lawn with my one and a half year old in a snugly, my 3-year-old in a back carrier, and my other child by the window where I can see her.","It sounds like you have a lot on your plate, managing both work and your children's care. This can be quite overwhelming and tiring. Don't hesitate to reach out to friends, family or support networks to help you in balancing these responsibilities. It's essential to take the time for yourself too, to relax and manage your stress levels. Is there a specific concern that's bothering you more?"